ファイルid,R膝関節の最大値,R膝関節の最小値,L膝関節の最大値,L膝関節の最小値
20180925150704,-0.618264,-8.41267,-9.30398,-23.8317
